{
    "prediccion": 0.0,
    "modelo": "Random Forest",
    "mse": 0.34680134680134683,
    "rmse": 0.5888984180666024,
    "r2": 0.777843137254902,
    "mae": 0.292929292929293,
    "scatter": [
        [
            3.0,
            3.0,
            3.0,
            0.0,
            0.0,
            0.0,
            1.0,
            0.0,
            2.0,
            2.0,
            0.0,
            0.0,
            0.0,
            0.0,
            0.0,
            0.0,
            1.0,
            2.0,
            0.0,
            0.0,
            0.0,
            0.0,
            0.0,
            0.0,
            0.0,
            3.0,
            0.0,
            0.0,
            3.0,
            3.0,
            3.0,
            0.0,
            0.0
        ],
        [
            1.3333333333333333,
            1.6666666666666667,
            3.3333333333333335,
            0.0,
            0.0,
            0.0,
            2.0,
            0.0,
            3.0,
            2.6666666666666665,
            0.0,
            0.0,
            0.0,
            0.0,
            0.0,
            0.0,
            2.6666666666666665,
            3.0,
            0.0,
            0.0,
            0.0,
            0.0,
            0.0,
            0.0,
            0.0,
            2.6666666666666665,
            0.0,
            0.0,
            3.6666666666666665,
            3.0,
            3.0,
            0.0,
            0.0
        ]
    ],
    "residuos": [
        [
            1.3333333333333333,
            1.6666666666666667,
            3.3333333333333335,
            0.0,
            0.0,
            0.0,
            2.0,
            0.0,
            3.0,
            2.6666666666666665,
            0.0,
            0.0,
            0.0,
            0.0,
            0.0,
            0.0,
            2.6666666666666665,
            3.0,
            0.0,
            0.0,
            0.0,
            0.0,
            0.0,
            0.0,
            0.0,
            2.6666666666666665,
            0.0,
            0.0,
            3.6666666666666665,
            3.0,
            3.0,
            0.0,
            0.0
        ],
        [
            1.6666666666666667,
            1.3333333333333333,
            -0.3333333333333335,
            0.0,
            0.0,
            0.0,
            -1.0,
            0.0,
            -1.0,
            -0.6666666666666665,
            0.0,
            0.0,
            0.0,
            0.0,
            0.0,
            0.0,
            -1.6666666666666665,
            -1.0,
            0.0,
            0.0,
            0.0,
            0.0,
            0.0,
            0.0,
            0.0,
            0.3333333333333335,
            0.0,
            0.0,
            -0.6666666666666665,
            0.0,
            0.0,
            0.0,
            0.0
        ]
    ],
    "histograma_residuos": [
        1.6666666666666667,
        1.3333333333333333,
        -0.3333333333333335,
        0.0,
        0.0,
        0.0,
        -1.0,
        0.0,
        -1.0,
        -0.6666666666666665,
        0.0,
        0.0,
        0.0,
        0.0,
        0.0,
        0.0,
        -1.6666666666666665,
        -1.0,
        0.0,
        0.0,
        0.0,
        0.0,
        0.0,
        0.0,
        0.0,
        0.3333333333333335,
        0.0,
        0.0,
        -0.6666666666666665,
        0.0,
        0.0,
        0.0,
        0.0
    ]
}