{
    "prediccion entrenamiento": 1.3878769865755158,
    "prediccion": 0.0,
    "modelo": "Random Forest",
    "mse": 0.33363902427090575,
    "rmse": 0.5776149446395114,
    "r2": 0.7862747662170492,
    "mae": 0.268475959522751,
    "scatter": [
        [
            3.0,
            3.0,
            3.0,
            0.0,
            0.0,
            0.0,
            1.0,
            0.0,
            2.0,
            2.0,
            0.0,
            0.0,
            0.0,
            0.0,
            0.0,
            0.0,
            1.0,
            2.0,
            0.0,
            0.0,
            0.0,
            0.0,
            0.0,
            0.0,
            0.0,
            3.0,
            0.0,
            0.0,
            3.0,
            3.0,
            3.0,
            0.0,
            0.0
        ],
        [
            1.3878769865755158,
            2.0941258806552923,
            2.8052035693065114,
            0.0,
            0.0,
            0.0,
            1.4388577558062847,
            0.0,
            3.1290115440115445,
            2.7857908619158622,
            0.011247474747474749,
            0.011247474747474749,
            0.0,
            0.0,
            0.011247474747474749,
            0.0,
            3.2135858447108454,
            2.5276836488674737,
            0.0,
            0.03605529437882379,
            0.002727272727272727,
            0.03605529437882379,
            0.0,
            0.1386061046796341,
            0.0,
            3.055524184149184,
            0.0,
            0.0,
            2.7012392142171557,
            2.9693021145521152,
            3.4170869269619284,
            0.002727272727272727,
            0.0
        ]
    ],
    "residuos": [
        [
            1.3878769865755158,
            2.0941258806552923,
            2.8052035693065114,
            0.0,
            0.0,
            0.0,
            1.4388577558062847,
            0.0,
            3.1290115440115445,
            2.7857908619158622,
            0.011247474747474749,
            0.011247474747474749,
            0.0,
            0.0,
            0.011247474747474749,
            0.0,
            3.2135858447108454,
            2.5276836488674737,
            0.0,
            0.03605529437882379,
            0.002727272727272727,
            0.03605529437882379,
            0.0,
            0.1386061046796341,
            0.0,
            3.055524184149184,
            0.0,
            0.0,
            2.7012392142171557,
            2.9693021145521152,
            3.4170869269619284,
            0.002727272727272727,
            0.0
        ],
        [
            1.6121230134244842,
            0.9058741193447077,
            0.19479643069348862,
            0.0,
            0.0,
            0.0,
            -0.4388577558062847,
            0.0,
            -1.1290115440115445,
            -0.7857908619158622,
            -0.011247474747474749,
            -0.011247474747474749,
            0.0,
            0.0,
            -0.011247474747474749,
            0.0,
            -2.2135858447108454,
            -0.5276836488674737,
            0.0,
            -0.03605529437882379,
            -0.002727272727272727,
            -0.03605529437882379,
            0.0,
            -0.1386061046796341,
            0.0,
            -0.05552418414918403,
            0.0,
            0.0,
            0.29876078578284426,
            0.030697885447884765,
            -0.4170869269619284,
            -0.002727272727272727,
            0.0
        ]
    ],
    "histograma_residuos": [
        1.6121230134244842,
        0.9058741193447077,
        0.19479643069348862,
        0.0,
        0.0,
        0.0,
        -0.4388577558062847,
        0.0,
        -1.1290115440115445,
        -0.7857908619158622,
        -0.011247474747474749,
        -0.011247474747474749,
        0.0,
        0.0,
        -0.011247474747474749,
        0.0,
        -2.2135858447108454,
        -0.5276836488674737,
        0.0,
        -0.03605529437882379,
        -0.002727272727272727,
        -0.03605529437882379,
        0.0,
        -0.1386061046796341,
        0.0,
        -0.05552418414918403,
        0.0,
        0.0,
        0.29876078578284426,
        0.030697885447884765,
        -0.4170869269619284,
        -0.002727272727272727,
        0.0
    ]
}